"route_id","agency_id","route_short_name","route_long_name","route_desc","route_type","route_url","route_color","route_text_color","route_sort_order"
"METROU","U","M1","metropolitana, stazione Fermi (Collegno) - stazione Bengasi","STAZIONE BENGASI M1 -- STAZIONE FERMI M1 (COLLEGNO)","1","http://www.gtt.to.it/cms/percorari/urbano?view=percorsi&bacino=U&linea=METRO&Regol=GE","FF0000","FFFFFF","1"
"4U","U","4","via delle Querce - strada del Drosso","STR.DEL DROSSO -- V. DELLE QUERCE","0","http://www.gtt.to.it/cms/percorari/urbano?view=percorsi&bacino=U&linea=4&Regol=GE","CC9900","0000FF","3"
"3U","U","3","piazzale Vallette - corso Tortona","CORSO TORTONA -- PIAZZALE VALLETTE","0","http://www.gtt.to.it/cms/percorari/urbano?view=percorsi&bacino=U&linea=3&Regol=GE","CC9900","0000FF","2"
"6U","U","6","piazza Hermada - piazza Carlo Felice","PIAZZA CARLO FELICE -- PIAZZA HERMADA","3","http://www.gtt.to.it/cms/percorari/urbano?view=percorsi&bacino=U&linea=6&Regol=GE","FF9900","0000FF","21"
"7U","T","7","linea storica, piazza Castello - Porta Nuova","PORTA NUOVA -- PIAZZA CASTELLO","0","http://www.gtt.to.it/cms/percorari/urbano?view=percorsi&bacino=U&linea=7&Regol=OR","33CC00","000000","4"
"9U","U","9","piazza Stampalia - corso D'Azeglio","CORSO D'AZEGLIO -- PIAZZA STAMPALIA","0","http://www.gtt.to.it/cms/percorari/urbano?view=percorsi&bacino=U&linea=9&Regol=GE","CC9900","0000FF","5"
"10U","U","10","c. Settembrini (feriale)/p.le Caio Mario (festivo) - p. Statuto","C. SETTEMBRINI FER./P.CAIO MARIO FEST. -- PIAZZA STATUTO","0","http://www.gtt.to.it/cms/percorari/urbano?view=percorsi&bacino=U&linea=10&Regol=GE","CC9900","0000FF","6"
"15U","U","15","via Brissogne - piazza Coriolano","PIAZZA CORIOLANO -- VIA BRISSOGNE","0","http://www.gtt.to.it/cms/percorari/urbano?view=percorsi&bacino=U&linea=15&Regol=GE","CC9900","0000FF","10"
"16CDU","U","16 CD","circolare destra, piazza Sabotino - piazza della Repubblica - piazza Sabotino","CIRCOLARE DESTRA, PIAZZA SABOTINO -- PIAZZA DELLA REPUBBLICA","0","http://www.gtt.to.it/cms/percorari/urbano?view=percorsi&bacino=U&linea=16CD&Regol=GE","CC9900","0000FF","11"
"16CSU","U","16 CS","circolare sinistra, piazza Sabotino - piazza della Repubblica - piazza Sabotino","CIRCOLARE SINISTRA, PIAZZA SABOTINO -- PIAZZA DELLA REPUBBLICA","0","http://www.gtt.to.it/cms/percorari/urbano?view=percorsi&bacino=U&linea=16CS&Regol=GE","CC9900","0000FF","12"
"79U","T","79","cremagliera, piazza Modena - basilica di Superga","BASILICA DI SUPERGA -- SASSI","7","http://www.gtt.to.it/cms/percorari/urbano?view=percorsi&bacino=U&linea=79&Regol=OR","33CC00","000000","14"
"13U","U","13","Piazza Campanella - Piazza Gran Madre","PIAZZA GRAN MADRE -- PIAZZA CAMPANELLA","0","http://www.gtt.to.it/cms/percorari/urbano?view=percorsi&bacino=U&linea=13&Regol=GE","CC9900","0000FF","8"
"102U","U","102","navetta interna Cimitero Parco","NAVETTA CIMITERO PARCO -- NAVETTA CIMITERO PARCO","3","http://www.gtt.to.it/cms/percorari/urbano?view=percorsi&bacino=U&linea=102&Regol=OR","FF9900","0000FF","112"
"1068E","E","1068","Collegno - Condove","COLLEGNO - CONDOVE -- COLLEGNO - CONDOVE","3","http://www.gtt.to.it/cms/percorari/urbano?view=percorsi&bacino=E&linea=1068&Regol=OR","0080FF","FFFFFF","174"
"1085E","E","1085","Torino - Fiat Rivalta","TORINO - FIAT RIVALTA -- FIAT RIVALTA - TORINO","3","http://www.gtt.to.it/cms/percorari/urbano?view=percorsi&bacino=E&linea=1085&Regol=OR","0080FF","FFFFFF","175"
"1086E","E","1086","Rivoli - Trana - Giaveno","GIAVENO - TRANA - RIVOLI -- RIVOLI - TRANA - GIAVENO","3","http://www.gtt.to.it/cms/percorari/urbano?view=percorsi&bacino=E&linea=1086&Regol=OR","0080FF","FFFFFF","176"
"1087E","E","1087","Rivoli - Avigliana - Ferriera","FERRIERA - AVIGLIANA - RIVOLI -- RIVOLI - AVIGLIANA - FERRIERA","3","http://www.gtt.to.it/cms/percorari/urbano?view=percorsi&bacino=E&linea=1087&Regol=OR","0080FF","FFFFFF","177"
"1091E","E","1091","Collegno - Rubiana","COLLEGNO - RUBIANA -- COLLEGNO - RUBIANA","3","http://www.gtt.to.it/cms/percorari/urbano?view=percorsi&bacino=E&linea=1091&Regol=OR","0080FF","FFFFFF","178"
"1099E","E","1099","Servizio Atipico Chiusa San Michele - Condove","SERVIZIO ATIPICO CHIUSA SAN MICHELE - CONDOVE -- SERVIZIO ATIPICO CONDOVE - CHIUSA SAN MICHELE","3","http://www.gtt.to.it/cms/percorari/urbano?view=percorsi&bacino=E&linea=1099&Regol=OR","0080FF","FFFFFF","179"
"10NU","U","10N","via Massari - piazza XVIII Dicembre","PIAZZA XVIII DICEMBRE -- VIA MASSARI","3","http://www.gtt.to.it/cms/percorari/urbano?view=percorsi&bacino=U&linea=10N&Regol=GE","FF9900","0000FF","7"
"11U","U","11","via Leopardi (Venaria Reale) - corso Stati Uniti","C. STATI UNITI FER./VIA ALLASON FEST. -- VIA LEOPARDI (VENARIA)","3","http://www.gtt.to.it/cms/percorari/urbano?view=percorsi&bacino=U&linea=11&Regol=GE","FF9900","0000FF","22"
"1128E","E","1128","Borgata Adrit - San Giorio - Bussoleno","BORGATA ADRIT - SAN GIORIO - BUSSOLENO -- BUSSOLENO - SAN GIORIO - BORGATA ADRIT","3","http://www.gtt.to.it/cms/percorari/urbano?view=percorsi&bacino=E&linea=1128&Regol=OR","0080FF","FFFFFF","323"
"12U","U","12","via Allason - corso Vittorio Emanuele II","C. VITTORIO EMANUELE II -- VIA ALLASON","3","http://www.gtt.to.it/cms/percorari/urbano?view=percorsi&bacino=U&linea=12&Regol=GE","FF9900","0000FF","23"
"1224E","E","1224","Bussoleno - Avigliana - Rivoli","BUSSOLENO - AVIGLIANA - RIVOLI -- RIVOLI - AVIGLIANA - BUSSOLENO","3","http://www.gtt.to.it/cms/percorari/urbano?view=percorsi&bacino=E&linea=1224&Regol=OR","0080FF","FFFFFF","324"
"132U","U","132","piazza Robotti (Alpignano) - via De Amicis (Fermi M1 - Collegno)","PIAZZA ROBOTTI (ALPIGNANO) -- VIA DE AMICIS (COLLEGNO)","3","http://www.gtt.to.it/cms/percorari/urbano?view=percorsi&bacino=U&linea=132&Regol=OR","FF9900","0000FF","349"
"14U","U","14","via Amendola (Nichelino) - piazza Solferino","PIAZZA SOLFERINO -- VIA AMENDOLA (NICHELINO)","3","http://www.gtt.to.it/cms/percorari/urbano?view=percorsi&bacino=U&linea=14&Regol=OR","FF9900","0000FF","24"
"1432E","E","1432","None - Alpignano (Linea di Gronda)","NONE - ALPIGNANO (LINEA DI GRONDA) -- ALPIGNANO - NONE (LINEA DI GRONDA)","3","http://www.gtt.to.it/cms/percorari/urbano?view=percorsi&bacino=E&linea=1432&Regol=OR","0080FF","FFFFFF","182"
"1435E","E","1435","Torino - C.A.A.T. - SITO","TORINO - C.A.A.T. - SITO -- SITO - C.A.A.T. - TORINO","3","http://www.gtt.to.it/cms/percorari/urbano?view=percorsi&bacino=E&linea=1435&Regol=OR","0080FF","FFFFFF","332"
"1442E","E","1442","Nichelino - Torino - Ferriera (Stab. Teksid)","NICHELINO - TORINO - FERRIERA (STAB. TEKSID) -- FERRIERA (STAB. TEKSID) - TORINO - NICHELINO","3","http://www.gtt.to.it/cms/percorari/urbano?view=percorsi&bacino=E&linea=1442&Regol=OR","0080FF","FFFFFF","326"
"1510E","E","1510","Torino - Orbassano - Cumiana / Cumiana - Pinerolo","TORINO - ORBASSANO - CUMIANA -- CUMIANA - ORBASSANO - TORINO","3","http://www.gtt.to.it/cms/percorari/urbano?view=percorsi&bacino=E&linea=1510&Regol=OR","0080FF","FFFFFF","183"
"1511E","E","1511","Torino - Orbassano - Giaveno / Giaveno - Piossasco","TORINO - ORBASSANO - GIAVENO -- GIAVENO - ORBASSANO - TORINO","3","http://www.gtt.to.it/cms/percorari/urbano?view=percorsi&bacino=E&linea=1511&Regol=OR","0080FF","FFFFFF","184"
"159U","U","159","piazza Stampalia - via Piave (Pianezza)","PIAZZA STAMPALIA -- VIA PIAVE (PIANEZZA)","3","http://www.gtt.to.it/cms/percorari/urbano?view=percorsi&bacino=U&linea=159&Regol=OR","FF9900","0000FF","347"
"17U","U","17","Ospedale di Rivoli - via Ventimiglia","VIA VENTIMIGLIA -- OSPEDALE DI RIVOLI","3","http://www.gtt.to.it/cms/percorari/urbano?view=percorsi&bacino=U&linea=17&Regol=GE","FF9900","0000FF","25"
"17BU","U","17 /","feriale, via Crea (Grugliasco) - via Ventimiglia","VIA VENTIMIGLIA -- VIA CREA (GRUGLIASCO)","3","http://www.gtt.to.it/cms/percorari/urbano?view=percorsi&bacino=U&linea=17B&Regol=GE","FF9900","0000FF","26"
"18U","U","18","piazza Sofia - piazzale Caio Mario","PIAZZALE CAIO MARIO -- PIAZZA SOFIA","3","http://www.gtt.to.it/cms/percorari/urbano?view=percorsi&bacino=U&linea=18&Regol=GE","FF9900","0000FF","13"
"19U","U","19","corso Cadore - corso Bolzano","CORSO BOLZANO -- CORSO CADORE","3","http://www.gtt.to.it/cms/percorari/urbano?view=percorsi&bacino=U&linea=19&Regol=OR","FF9900","0000FF","27"
"19NU","U","19N","largo Donatori di Sangue - Cimitero Monumentale","CIMITERO MONUMENTALE -- LARGO DONATORI SANGUE","3","http://www.gtt.to.it/cms/percorari/urbano?view=percorsi&bacino=U&linea=19N&Regol=OR","FF9900","0000FF","28"
"1CU","U","1C","via Fratelli Cervi (Chieri) - via Rocchette (Chieri)","VIA ROCCHETTE (CHIERI) -- VIA FRATELLI CERVI (CHIERI)","3","http://www.gtt.to.it/cms/percorari/urbano?view=percorsi&bacino=U&linea=1C&Regol=OR","FF9900","0000FF","117"
"1NU","U","1N","martedì-sabato, piazza Parco della Rimembranza (Nichelino) - via XXV Aprile (Nichelino)","VIA XXV APRILE (NICHELINO) -- PIAZZA PARCO DELLA RIMEMBRANZA (CIMITERO)","3","http://www.gtt.to.it/cms/percorari/urbano?view=percorsi&bacino=U&linea=1N&Regol=OR","FF9900","0000FF","119"
"1SU","U","1S","via Lombardia (Settimo) - via Enaudi (Settimo)","VIA EINAUDI (SETTIMO) -- VIA LOMBARDIA (SETTIMO)","3","http://www.gtt.to.it/cms/percorari/urbano?view=percorsi&bacino=U&linea=1S&Regol=OR","FF9900","0000FF","359"
"2U","U","2","via Ponchielli - via Corradino","VIA CORRADINO -- VIA PONCHIELLI","3","http://www.gtt.to.it/cms/percorari/urbano?view=percorsi&bacino=U&linea=2&Regol=GE","FF9900","0000FF","18"
"20U","U","20","via Paganini (Settimo T.se) - Park Stura (feriale)/p.Mochino (festivo)","CORSO VERCELLI (PARK STURA) -- VIA PAGANINI","3","http://www.gtt.to.it/cms/percorari/urbano?view=percorsi&bacino=U&linea=20&Regol=OR","FF9900","0000FF","29"
"2009E","E","2009","Autolinea delle Langhe (Dir. Grinzane - Sinio)","AUTOLINEA DELLE LANGHE (DIR. GRINZANE - SINIO) -- AUTOLINEA DELLE LANGHE (DIR. GRINZANE - SINIO)","3","http://www.gtt.to.it/cms/percorari/urbano?view=percorsi&bacino=E&linea=2009&Regol=OR","0080FF","FFFFFF","187"
"2014E","E","2014","Torino - Poirino - Alba","TORINO - POIRINO - ALBA -- ALBA - POIRINO - TORINO","3","http://www.gtt.to.it/cms/percorari/urbano?view=percorsi&bacino=E&linea=2014&Regol=OR","0080FF","FFFFFF","188"
"2016E","E","2016","Canale - Sommariva - Racconigi","CANALE - SOMMARIVA - RACCONIGI -- RACCONIGI - SOMMARIVA - CANALE","3","http://www.gtt.to.it/cms/percorari/urbano?view=percorsi&bacino=E&linea=2016&Regol=OR","0080FF","FFFFFF","189"
"2027E","E","2027","Canale - S.Damiano - Asti","ASTI - S.DAMIANO - CANALE -- CANALE - S.DAMIANO - ASTI","3","http://www.gtt.to.it/cms/percorari/urbano?view=percorsi&bacino=E&linea=2027&Regol=OR","0080FF","FFFFFF","190"
"2073E","E","2073","Linea operaia - Borgo Aje - Cambiano - Santena - Villastellone - Carmagnola","LINEA OPERAIA - TORINO - CARMAGNOLA -- LINEA OPERAIA - CARMAGNOLA - TORINO","3","http://www.gtt.to.it/cms/percorari/urbano?view=percorsi&bacino=E&linea=2073&Regol=OR","0080FF","FFFFFF","191"
"2172E","E","2172","Autolinea delle Langhe (Dir. Monforte - Dogliani)","AUTOLINEA DELLE LANGHE (DIR. MONFORTE - DOGLIANI) -- AUTOLINEA DELLE LANGHE (DIR. MONFORTE - DOGLIANI)","3","http://www.gtt.to.it/cms/percorari/urbano?view=percorsi&bacino=E&linea=2172&Regol=OR","0080FF","FFFFFF","194"
"2183E","E","2183","Canale - Fossano","CANALE - FOSSANO -- FOSSANO - CANALE","3","http://www.gtt.to.it/cms/percorari/urbano?view=percorsi&bacino=E&linea=2183&Regol=OR","0080FF","FFFFFF","195"
"22U","U","22","speciale stabilimenti, corso Sebastopoli - strada Cascinette","CORSO SEBASTOPOLI -- STRADA CASCINETTE","3","http://www.gtt.to.it/cms/percorari/urbano?view=percorsi&bacino=U&linea=22&Regol=OR","FF9900","0000FF","31"
"2354E","E","2354","Carignano - Santena - Cambiano","CARIGNANO - SANTENA - CAMBIANO -- CAMBIANO - SANTENA - CARIGNANO","3","http://www.gtt.to.it/cms/percorari/urbano?view=percorsi&bacino=E&linea=2354&Regol=OR","0080FF","FFFFFF","327"
"24U","U","24","speciale stabilimenti, via Vigliani - strada Cascinette","STRADA CASCINETTE -- VIA VIGLIANI","3","http://www.gtt.to.it/cms/percorari/urbano?view=percorsi&bacino=U&linea=24&Regol=OR","FF9900","0000FF","32"
"25U","U","25","speciale stabilimenti, via Lombardia (Settimo Torinese) - lungo Stura Lazio","LUNGO STURA LAZIO -- VIA LOMBARDIA (SETTIMO T.SE )","3","http://www.gtt.to.it/cms/percorari/urbano?view=percorsi&bacino=U&linea=25&Regol=OR","FF9900","0000FF","33"
"26U","U","26","corso Vercelli (Park Stura) - Borgata di Villaretto - via Italia (Borgaro)","BORGATA DI VILLARETTO/BORGARO -- CORSO VERCELLI (PARK STURA)","3","http://www.gtt.to.it/cms/percorari/urbano?view=percorsi&bacino=U&linea=26&Regol=OR","FF9900","0000FF","293"
"27U","U","27","via Anglesio - via XX Settembre","VIA XX SETTEMBRE -- VIA ANGLESIO","3","http://www.gtt.to.it/cms/percorari/urbano?view=percorsi&bacino=U&linea=27&Regol=GE","FF9900","0000FF","34"
"29U","U","29","piazzale Vallette - piazza Solferino","PIAZZA SOLFERINO -- PIAZZALE VALLETTE","3","http://www.gtt.to.it/cms/percorari/urbano?view=percorsi&bacino=U&linea=29&Regol=OR","FF9900","0000FF","35"
"2CU","U","2C","feriale, piazza Rossi (Pessione) - via Vittorio Emanuele II (Chieri)","VIA VITTORIO EMANUELE II (CHIERI) -- PIAZZA ROSSI (PESSIONE)","3","http://www.gtt.to.it/cms/percorari/urbano?view=percorsi&bacino=U&linea=2C&Regol=OR","FF9900","0000FF","118"
"30U","U","30","via Gozzano (Chieri) - corso San Maurizio","CORSO SAN MAURIZIO -- VIA GOZZANO (CHIERI)","3","http://www.gtt.to.it/cms/percorari/urbano?view=percorsi&bacino=U&linea=30&Regol=OR","FF9900","0000FF","36"
"3006E","E","3006","Torino - Settimo - Vallecerrina - Casale","TORINO - SETTIMO - VALLECERRINA - CASALE -- CASALE - VALLECERRINA - SETTIMO - TORINO","3","http://www.gtt.to.it/cms/percorari/urbano?view=percorsi&bacino=E&linea=3006&Regol=OR","0080FF","FFFFFF","196"
"3023E","E","3023","Vallecerrina - Asti","ASTI - VALLECERRINA -- VALLECERRINA - ASTI","3","http://www.gtt.to.it/cms/percorari/urbano?view=percorsi&bacino=E&linea=3023&Regol=OR","0080FF","FFFFFF","197"
"3092E","E","3092","Torino - Forno / San Maurizio - Forno","FORNO - TORINO -- TORINO - FORNO","3","http://www.gtt.to.it/cms/percorari/urbano?view=percorsi&bacino=E&linea=3092&Regol=OR","0080FF","FFFFFF","198"
"3096E","E","3096","Gassino - Sciolze","SCIOLZE - GASSINO -- GASSINO - SCIOLZE","3","http://www.gtt.to.it/cms/percorari/urbano?view=percorsi&bacino=E&linea=3096&Regol=OR","0080FF","FFFFFF","199"
"3105E","E","3105","Chivasso - Asti","CHIVASSO - ASTI -- ASTI - CHIVASSO","3","http://www.gtt.to.it/cms/percorari/urbano?view=percorsi&bacino=E&linea=3105&Regol=OR","0080FF","FFFFFF","200"
"3106E","E","3106","Crescentino - Chivasso - Torino FCA","CRESCENTINO - TORINO FIAT MIRAFIORI -- TORINO FIAT MIRAFIORI - CRESCENTINO","3","http://www.gtt.to.it/cms/percorari/urbano?view=percorsi&bacino=E&linea=3106&Regol=OR","0080FF","FFFFFF","201"
"3107E","E","3107","Torino - Settimo - Gassino - Chivasso - Piova' Massaia","PIOVA' MASSAIA - CHIVASSO - GASSINO - SETTIMO - TORINO -- TORINO - SETTIMO - GASSINO - CHIVASSO - PIOVA' MASSAIA","3","http://www.gtt.to.it/cms/percorari/urbano?view=percorsi&bacino=E&linea=3107&Regol=OR","0080FF","FFFFFF","202"
"3121E","E","3121","Castagneto Po - Chivasso","CASTAGNETO PO - CHIVASSO -- CHIVASSO - CASTAGNETO PO","3","http://www.gtt.to.it/cms/percorari/urbano?view=percorsi&bacino=E&linea=3121&Regol=OR","0080FF","FFFFFF","203"
"3131E","E","3131","Torino - Lombardore - Rivarolo","TORINO - RIVAROLO -- RIVAROLO - TORINO","3","http://www.gtt.to.it/cms/percorari/urbano?view=percorsi&bacino=E&linea=3131&Regol=OR","0080FF","FFFFFF","204"
"3132E","E","3132","Rivarolo - Castellamonte","RIVAROLO - CASTELLAMONTE -- RIVAROLO - CASTELLAMONTE","3","http://www.gtt.to.it/cms/percorari/urbano?view=percorsi&bacino=E&linea=3132&Regol=OR","0080FF","FFFFFF","205"
"3133E","E","3133","Torino - Ivrea","IVREA - TORINO -- TORINO - IVREA","3","http://www.gtt.to.it/cms/percorari/urbano?view=percorsi&bacino=E&linea=3133&Regol=OR","0080FF","FFFFFF","206"
"3165E","E","3165","Torino - Germagnano","TORINO - GERMAGNANO -- GERMAGNANO - TORINO","3","http://www.gtt.to.it/cms/percorari/urbano?view=percorsi&bacino=E&linea=3165&Regol=OR","0080FF","FFFFFF","208"
"3166E","E","3166","Torino - Volpiano - San Benigno","TORINO - VOLPIANO - SAN BENIGNO -- TORINO - VOLPIANO - SAN BENIGNO","3","http://www.gtt.to.it/cms/percorari/urbano?view=percorsi&bacino=E&linea=3166&Regol=OR","0080FF","FFFFFF","209"
"32U","U","32","piazza Robotti (Alpignano) - corso Tassoni","CORSO TASSONI -- PIAZZA ROBOTTI (ALPIGNANO)","3","http://www.gtt.to.it/cms/percorari/urbano?view=percorsi&bacino=U&linea=32&Regol=OR","FF9900","0000FF","37"
"33U","U","33","c. Papa Giovanni XXIII (Collegno) - c. Vittorio Emanuele II (feriale)/p.le Adua (festivo)","C. VITTORIO EMAN. II FER./P.LE ADUA FEST. -- STAZIONE COLLEGNO","3","http://www.gtt.to.it/cms/percorari/urbano?view=percorsi&bacino=U&linea=33&Regol=GE","FF9900","0000FF","38"
"3316E","E","3316","Chivasso F.S. - Rondissone","CHIVASSO F.S. - RONDISSONE -- RONDISSONE - CHIVASSO F.S.","3","http://www.gtt.to.it/cms/percorari/urbano?view=percorsi&bacino=E&linea=3316&Regol=OR","0080FF","FFFFFF","210"
"3321E","E","3321","Montalenghe - Foglizzo - Chivasso","MONTALENGHE - FOGLIZZO - CHIVASSO -- CHIVASSO - FOGLIZZO - MONTALENGHE","3","http://www.gtt.to.it/cms/percorari/urbano?view=percorsi&bacino=E&linea=3321&Regol=OR","0080FF","FFFFFF","211"
"3329E","E","3329","Cirie' - Torino (Fiat Mirafiori)","TORINO (FIAT MIRAFIORI) - CIRIE' -- CIRIE' - TORINO (FIAT MIRAFIORI)","3","http://www.gtt.to.it/cms/percorari/urbano?view=percorsi&bacino=E&linea=3329&Regol=OR","0080FF","FFFFFF","212"
"3331E","E","3331","Verrua Savoia - Crescentino - Brusasco","VERRUA SAVOIA - CRESCENTINO - BRUSASCO -- VERRUA SAVOIA - CRESCENTINO - BRUSASCO","3","http://www.gtt.to.it/cms/percorari/urbano?view=percorsi&bacino=E&linea=3331&Regol=OR","0080FF","FFFFFF","213"
"3382E","E","3382","Torino (C.so Marche) - Caselle ALENIA","TORINO (C.SO MARCHE) - CASELLE ALENIA -- CASELLE ALENIA - TORINO (C.SO MARCHE)","3","http://www.gtt.to.it/cms/percorari/urbano?view=percorsi&bacino=E&linea=3382&Regol=OR","0080FF","FFFFFF","215"
"34U","U","34","feriale, via Bertani / strada Torino (Beinasco) - via Ventimiglia","VIA VENTIMIGLIA -- STRADA TORINO (BEINASCO) - CIMITERO SUD","3","http://www.gtt.to.it/cms/percorari/urbano?view=percorsi&bacino=U&linea=34&Regol=GE","FF9900","0000FF","39"
"3428E","E","3428","Servizio Scuolabus Comune di Rivarossa","SERVIZIO SCUOLABUS COMUNE DI RIVAROSSA -- SERVIZIO SCUOLABUS COMUNE DI RIVAROSSA","3","http://www.gtt.to.it/cms/percorari/urbano?view=percorsi&bacino=E&linea=3428&Regol=OR","0080FF","FFFFFF","216"
"3429E","E","3429","Servizio Scuolabus San Benigno - Volpiano - Chivasso","SERVIZIO SCUOLABUS SAN BENIGNO - VOLPIANO - CHIVASSO -- SERVIZIO SCUOLABUS SAN BENIGNO - VOLPIANO - CHIVASSO","3","http://www.gtt.to.it/cms/percorari/urbano?view=percorsi&bacino=E&linea=3429&Regol=OR","0080FF","FFFFFF","217"
"35U","U","35","via Amendola (Nichelino) - via Artom","VIA ARTOM -- VIA AMENDOLA (NICHELINO)","3","http://www.gtt.to.it/cms/percorari/urbano?view=percorsi&bacino=U&linea=35&Regol=GE","FF9900","0000FF","40"
"3502E","E","3502","Servizio Scuolabus San Maurizio - Castellamonte","SERVIZIO SCUOLABUS SAN MAURIZIO - CASTELLAMONTE -- SERVIZIO SCUOLABUS SAN MAURIZIO - CASTELLAMONTE","3","http://www.gtt.to.it/cms/percorari/urbano?view=percorsi&bacino=E&linea=3502&Regol=OR","0080FF","FFFFFF","218"
"3545E","E","3545","Linea operaia Carignano - Torino - Chivasso (P.I.Chi)","LINEA OPERAIA CARIGNANO - TORINO - CHIVASSO (P.I.CHI) -- LINEA OPERAIA CHIVASSO (P.I.CHI) - TORINO - CARIGNANO","3","http://www.gtt.to.it/cms/percorari/urbano?view=percorsi&bacino=E&linea=3545&Regol=OR","0080FF","FFFFFF","219"
"35NU","U","35N","via Verdi (Candiolo) - Vill. Dega (Vinovo) - via Trento (Nichelino)","VIA TRENTO (NICHELINO) -- VILLAGGIO DEGA (VINOVO) - VIA VERDI (CANDIOLO)","3","http://www.gtt.to.it/cms/percorari/urbano?view=percorsi&bacino=U&linea=35N&Regol=OR","FF9900","0000FF","41"
"36U","U","36","piazza Martiri della Libertà (Rivoli) - piazza Massaua","PIAZZA MASSAUA -- PIAZZA MARTIRI (RIVOLI )","3","http://www.gtt.to.it/cms/percorari/urbano?view=percorsi&bacino=U&linea=36&Regol=GE","FF9900","0000FF","42"
"36NU","U","36N","Castello di Rivoli - Ospedale di Rivoli / Stazione Alpignano - Rivoli / Bruere - Tetti Neirotti","ALPIGNANO -- RIVOLI","3","http://www.gtt.to.it/cms/percorari/urbano?view=percorsi&bacino=U&linea=36N&Regol=OR","FF9900","0000FF","43"
"38U","U","38","p.le Caio Mario (feriale)/corso Maroncelli (festivo) - via Minghetti (Collegno)","VIA MINGHETTI (COLLEGNO) -- P.LE CAIO MARIO FER. / C. MARONCELLI FEST.","3","http://www.gtt.to.it/cms/percorari/urbano?view=percorsi&bacino=U&linea=38&Regol=OR","FF9900","0000FF","45"
"38SU","U","38S","scolastico, via De Amicis (Fermi M1, Collegno) - via Crea (Grugliasco)","VIA CREA (GRUGLIASCO) -- VIA DE AMICIS (STAZIONE FERMI M1 COLLEGNO)","3","http://www.gtt.to.it/cms/percorari/urbano?view=percorsi&bacino=U&linea=38S&Regol=OR","FF9900","0000FF","46"
"39U","U","39","piazza Baden Baden (Moncalieri) - p.le Caio Mario","PIAZZALE CAIO MARIO -- PIAZZA BADEN BADEN (MONCALIERI)","3","http://www.gtt.to.it/cms/percorari/urbano?view=percorsi&bacino=U&linea=39&Regol=OR","FF9900","0000FF","47"
"3950E","E","3950","Servizio Scuolabus Comune di Verolengo","SERVIZIO SCUOLABUS COMUNE DI VEROLENGO -- SERVIZIO SCUOLABUS COMUNE DI VEROLENGO","3","http://www.gtt.to.it/cms/percorari/urbano?view=percorsi&bacino=E&linea=3950&Regol=OR","0080FF","FFFFFF","223"
"3971E","E","3971","TORINO FOSSATA REBAUDENGO FS - CERES","STAZIONE  CERES -- STAZIONE REBAUDENGO - FOSSATA","3","http://www.gtt.to.it/cms/percorari/urbano?view=percorsi&bacino=E&linea=3971&Regol=OR","0080FF","FFFFFF","320"
"3990U","T","3990","Venaria Express (Sabato e Festivi), Torino - Reggia di Venaria","TORINO - REGGIA DI VENARIA -- REGGIA DI VENARIA - TORINO","3","http://www.gtt.to.it/cms/percorari/urbano?view=percorsi&bacino=U&linea=3990&Regol=OR","33CC00","000000","999"
"40U","U","40","feriale, p.le Caio Mario - piazza Massaua","PIAZZA MASSAUA -- P.LE CAIO MARIO","3","http://www.gtt.to.it/cms/percorari/urbano?view=percorsi&bacino=U&linea=40&Regol=OR","FF9900","0000FF","48"
"41U","U","41","stazione Lingotto - Stupinigi - via Orbassano (Borgaretto)","VIA ORBASSANO (BORGARETTO) -- STAZIONE LINGOTTO","3","http://www.gtt.to.it/cms/percorari/urbano?view=percorsi&bacino=U&linea=41&Regol=OR","FF9900","0000FF","49"
"4108E","E","4108","Ivrea - Vische - Chivasso","CHIVASSO - VISCHE - IVREA -- IVREA - VISCHE - CHIVASSO","3","http://www.gtt.to.it/cms/percorari/urbano?view=percorsi&bacino=E&linea=4108&Regol=OR","0080FF","FFFFFF","228"
"4147E","E","4147","Vialfre' - Castellamonte (Mercatale)","VIALFRE' - CASTELLAMONTE (MERCATALE) -- CASTELLAMONTE - VIALFRE' (MERCATALE)","3","http://www.gtt.to.it/cms/percorari/urbano?view=percorsi&bacino=E&linea=4147&Regol=OR","0080FF","FFFFFF","229"
"4151E","E","4151","Cossano - Ivrea","COSSANO - IVREA -- IVREA - COSSANO","3","http://www.gtt.to.it/cms/percorari/urbano?view=percorsi&bacino=E&linea=4151&Regol=OR","0080FF","FFFFFF","230"
"4152E","E","4152","Silva - Vialfre' - Ivrea","SILVA - VIALFRE' - IVREA -- IVREA - VIALFRE' - SILVA","3","http://www.gtt.to.it/cms/percorari/urbano?view=percorsi&bacino=E&linea=4152&Regol=OR","0080FF","FFFFFF","231"
"4153E","E","4153","Ivrea Linea 5 (Quassolo - Bienca)","QUASSOLO - BIENCA (LINEA 5) -- BIENCA - QUASSOLO (LINEA 5)","3","http://www.gtt.to.it/cms/percorari/urbano?view=percorsi&bacino=E&linea=4153&Regol=OR","0080FF","FFFFFF","232"
"4154E","E","4154","Ivrea Linee 1 (Bollengo - Bellavista) - 1sb (San Bernardo - Albiano)","BOLLENGO/S.BERNARDO - BELLAVISTA/ALBIANO (LINEE 1-1SB) -- ALBIANO - IVREA - S.BERNARDO (LINEE 1-1SB)","3","http://www.gtt.to.it/cms/percorari/urbano?view=percorsi&bacino=E&linea=4154&Regol=OR","0080FF","FFFFFF","233"
"4155E","E","4155","Ivrea Linee 2 (Chiaverano - Samone) - 2sb (Burolo - Samone)","CHIAVERANO/BUROLO - SAMONE (LINEE 2-2SB) -- SAMONE - CHIAVERANO/BUROLO (LINEE 2-2SB)","3","http://www.gtt.to.it/cms/percorari/urbano?view=percorsi&bacino=E&linea=4155&Regol=OR","0080FF","FFFFFF","234"
"4156E","E","4156","Andrate - Ivrea","ANDRATE - IVREA -- IVREA - ANDRATE","3","http://www.gtt.to.it/cms/percorari/urbano?view=percorsi&bacino=E&linea=4156&Regol=OR","0080FF","FFFFFF","235"
"4157E","E","4157","Ivrea Linea 3 (San Germano - Pavone)","S.GERMANO - PAVONE (LINEA 3) -- PAVONE - S.GERMANO (LINEA 3)","3","http://www.gtt.to.it/cms/percorari/urbano?view=percorsi&bacino=E&linea=4157&Regol=OR","0080FF","FFFFFF","236"
"4168E","E","4168","Ivrea Linea 4 (San Giovanni - Bellavista)","BELLAVISTA - S.GIOVANNI (LINEA 4) -- S.GIOVANNI - BELLAVISTA (LINEA 4)","3","http://www.gtt.to.it/cms/percorari/urbano?view=percorsi&bacino=E&linea=4168&Regol=OR","0080FF","FFFFFF","237"
"42U","U","42","via Marsigli - via Ventimiglia","VIA VENTIMIGLIA -- VIA MARSIGLI","3","http://www.gtt.to.it/cms/percorari/urbano?view=percorsi&bacino=U&linea=42&Regol=GE","FF9900","0000FF","50"
"43U","U","43","via Gorizia (Rivalta) - via Goito (Moncalieri)","VIA GOITO (MONCALIERI) -- VIA GORIZIA (RIVALTA)","3","http://www.gtt.to.it/cms/percorari/urbano?view=percorsi&bacino=U&linea=43&Regol=OR","FF9900","0000FF","51"
"44U","U","44","viale Partigiani (Collegno) - via Don Borio (Grugliasco)","VIA DON BORIO (GRUGLIASCO) -- VIALE PARTIGIANI (COLLEGNO)","3","http://www.gtt.to.it/cms/percorari/urbano?view=percorsi&bacino=U&linea=44&Regol=OR","FF9900","0000FF","52"
"44SU","U","44S","scolastico, via Portalupi (Collegno) - via Crea (Grugliasco) - piazza Omero","PIAZZA OMERO -- VIA PORTALUPI (COLLEGNO)","3","http://www.gtt.to.it/cms/percorari/urbano?view=percorsi&bacino=U&linea=44S&Regol=OR","FF9900","0000FF","53"
"45U","U","45","piazza Carducci (Santena) - corso Bramante (feriale)/corso Maroncelli (festivo)","TORINO P.CARDUCCI FER/C. MARONCELLI FES -- SANTENA P.CARDUC.FER/P.COSMA DAMIANO FES","3","http://www.gtt.to.it/cms/percorari/urbano?view=percorsi&bacino=U&linea=45&Regol=OR","FF9900","0000FF","54"
"4512E","E","4512","Ivrea - Castellamonte - Valchiusella","VALCHIUSELLA - CASTELLAMONTE - IVREA -- IVREA - CASTELLAMONTE - VALCHIUSELLA","3","http://www.gtt.to.it/cms/percorari/urbano?view=percorsi&bacino=E&linea=4512&Regol=OR","0080FF","FFFFFF","238"
"4541E","E","4541","Ivrea Linee 6 (v. Saudino - Bioparco) - 6sb (v. Saudino - Loranze')","V.SAUDINO - BIOPARCO/LORANZE' (LINEE 6-6SB) -- LORANZE'/BIOPARCO - V.SAUDINO (LINEE 6-6SB)","3","http://www.gtt.to.it/cms/percorari/urbano?view=percorsi&bacino=E&linea=4541&Regol=OR","0080FF","FFFFFF","240"
"4546E","E","4546","Albiano - Vestigne' (Scuolabus)","ALBIANO - VESTIGNE' (SCUOLABUS) -- VESTIGNE' - ALBIANO (SCUOLABUS)","3","http://www.gtt.to.it/cms/percorari/urbano?view=percorsi&bacino=E&linea=4546&Regol=OR","0080FF","FFFFFF","241"
"45BU","U","45 /","feriale, piazza Cosma e Damiano (Santena) - corso Bramante","PIAZZA CARDUCCI (TORINO) -- P.COSMA-DAMIANO(SANTENA)","3","http://www.gtt.to.it/cms/percorari/urbano?view=percorsi&bacino=U&linea=45B&Regol=OR","FF9900","0000FF","55"
"46U","U","46","via Lombardore (Leini) - corso Bolzano","CORSO BOLZANO -- VIA LOMBARDORE / VIALE EUROPA (LEINÌ)","3","http://www.gtt.to.it/cms/percorari/urbano?view=percorsi&bacino=U&linea=46&Regol=OR","FF9900","0000FF","56"
"47U","U","47","piazza Freguglia (Cavoretto) - corso Bramante","CORSO BRAMANTE -- PIAZZA FREGUGLIA (CAVORETTO)","3","http://www.gtt.to.it/cms/percorari/urbano?view=percorsi&bacino=U&linea=47&Regol=OR","FF9900","0000FF","58"
"48U","U","48","Ospedale San Luigi (Orbassano) - via Orbassano (Borgaretto)","VIA ORBASSANO (BEINASCO-BORGARETTO) -- OSPEDALE SAN LUIGI (ORBASSANO)","3","http://www.gtt.to.it/cms/percorari/urbano?view=percorsi&bacino=U&linea=48&Regol=OR","FF9900","0000FF","59"
"49U","U","49","via Lombardia (Settimo Torinese) - corso Bolzano","C. BOLZANO (PORTA SUSA) -- V. LOMBARDIA (SETTIMO T.SE)","3","http://www.gtt.to.it/cms/percorari/urbano?view=percorsi&bacino=U&linea=49&Regol=OR","FF9900","0000FF","60"
"4NU","U","4N","v.degli Ulivi - p.za Donatore","P.DONATORE -- VIA DEGLI ULIVI","3","http://www.gtt.to.it/cms/percorari/urbano?view=percorsi&bacino=U&linea=4N&Regol=OR","FF9900","0000FF","278"
"5U","U","5","piazza Dalla Chiesa (Orbassano) - piazza Arbarello","PIAZZA ARBARELLO -- PIAZZA DALLA CHIESA (ORBASSANO)","3","http://www.gtt.to.it/cms/percorari/urbano?view=percorsi&bacino=U&linea=5&Regol=GE","FF9900","0000FF","19"
"50U","U","50","via delle Querce - largo Donatori di Sangue (feriale)/corso XI Febbraio (festivo)","L.DONATORI DI SANGUE FER./XI FEBBRAIO FEST. -- VIA DELLE QUERCE","3","http://www.gtt.to.it/cms/percorari/urbano?view=percorsi&bacino=U&linea=50&Regol=OR","FF9900","0000FF","61"
"5095E","E","5095","Forno - Rivarolo","FORNO - RIVAROLO -- RIVAROLO - FORNO","3","http://www.gtt.to.it/cms/percorari/urbano?view=percorsi&bacino=E&linea=5095&Regol=OR","0080FF","FFFFFF","244"
"51U","U","51","feriale, corso Vercelli (Park Stura) - corso Bolzano","CORSO BOLZANO -- CORSO VERCELLI (PARK STURA)","3","http://www.gtt.to.it/cms/percorari/urbano?view=percorsi&bacino=U&linea=51&Regol=GE","FF9900","0000FF","62"
"5134E","E","5134","Forno - Busano - Cuorgne'","CUORGNE' - BUSANO - FORNO -- FORNO - BUSANO - CUORGNE'","3","http://www.gtt.to.it/cms/percorari/urbano?view=percorsi&bacino=E&linea=5134&Regol=OR","0080FF","FFFFFF","245"
"5135E","E","5135","Rivarolo - San Benigno - Torino","RIVAROLO - SAN BENIGNO - TORINO -- RIVAROLO - SAN BENIGNO - TORINO","3","http://www.gtt.to.it/cms/percorari/urbano?view=percorsi&bacino=E&linea=5135&Regol=OR","0080FF","FFFFFF","246"
"5137E","E","5137","Rivarolo - Pont - Ceresole","RIVAROLO - PONT - CERESOLE -- RIVAROLO - PONT - CERESOLE","3","http://www.gtt.to.it/cms/percorari/urbano?view=percorsi&bacino=E&linea=5137&Regol=OR","0080FF","FFFFFF","248"
"5140E","E","5140","Pont - Valprato Soana","VALPRATO SOANA - PONT -- PONT - VALPRATO SOANA","3","http://www.gtt.to.it/cms/percorari/urbano?view=percorsi&bacino=E&linea=5140&Regol=OR","0080FF","FFFFFF","250"
"5141E","E","5141","Pont - Frassinetto","FRASSINETTO - PONT -- PONT - FRASSINETTO","3","http://www.gtt.to.it/cms/percorari/urbano?view=percorsi&bacino=E&linea=5141&Regol=OR","0080FF","FFFFFF","251"
"5143E","E","5143","Cuorgne' - Ivrea","CUORGNE' - IVREA -- CUORGNE' - IVREA","3","http://www.gtt.to.it/cms/percorari/urbano?view=percorsi&bacino=E&linea=5143&Regol=OR","0080FF","FFFFFF","252"
"5145E","E","5145","Rivarolo - Ivrea","RIVAROLO - IVREA -- IVREA - RIVAROLO","3","http://www.gtt.to.it/cms/percorari/urbano?view=percorsi&bacino=E&linea=5145&Regol=OR","0080FF","FFFFFF","253"
"5150E","E","5150","Castelnuovo Nigra - Cuorgne' Centro","CASTELNUOVO NIGRA - CUORGNE' CENTRO -- CUORGNE' CENTRO - CASTELNUOVO NIGRA","3","http://www.gtt.to.it/cms/percorari/urbano?view=percorsi&bacino=E&linea=5150&Regol=OR","0080FF","FFFFFF","254"
"52U","U","52","feriale, via Scialoja - piazzale Adua","PIAZZALE ADUA -- VIA SCIALOJA","3","http://www.gtt.to.it/cms/percorari/urbano?view=percorsi&bacino=U&linea=52&Regol=GE","FF9900","0000FF","63"
"53U","U","53","feriale, ospedale San Vincenzo - corso San Maurizio","CORSO SAN MAURIZIO -- OSPEDALE SAN VINCENZO","3","http://www.gtt.to.it/cms/percorari/urbano?view=percorsi&bacino=U&linea=53&Regol=OR","FF9900","0000FF","64"
"5318E","E","5318","Castelnuovo Nigra - Castellamonte - Scarmagno","CASTELNUOVO NIGRA - CASTELLAMONTE -- CASTELLAMONTE - CASTELNUOVO NIGRA","3","http://www.gtt.to.it/cms/percorari/urbano?view=percorsi&bacino=E&linea=5318&Regol=OR","0080FF","FFFFFF","255"
"5319E","E","5319","Campo - Muraglio - Rivarolo - Bosconero (EATON LIVIA)","BOSCONERO (EATON LIVIA) - RIVAROLO - MURAGLIO - CAMPO -- CAMPO - MURAGLIO - RIVAROLO - BOSCONERO (EATON LIVIA)","3","http://www.gtt.to.it/cms/percorari/urbano?view=percorsi&bacino=E&linea=5319&Regol=OR","0080FF","FFFFFF","256"
"5322E","E","5322","Cuorgne' - Alpette","CUORGNE' - ALPETTE -- ALPETTE - CUORGNE'","3","http://www.gtt.to.it/cms/percorari/urbano?view=percorsi&bacino=E&linea=5322&Regol=OR","0080FF","FFFFFF","257"
"5379E","E","5379","Servizio Scuolabus Cirie' - Rivarolo","SERVIZIO SCUOLABUS CIRIE' - RIVAROLO -- SERVIZIO SCUOLABUS RIVAROLO - CIRIE'","3","http://www.gtt.to.it/cms/percorari/urbano?view=percorsi&bacino=E&linea=5379&Regol=OR","0080FF","FFFFFF","258"
"54U","U","54","corso Gabetti (feriale)/Mongreno (festivo) - str. del Mainero (feriale)/p.le Adua (festivo)","STR. MAINERO FER./P.LE ADUA FEST. -- C.SO GABETTI FER./STR. MONGRENO FEST.","3","http://www.gtt.to.it/cms/percorari/urbano?view=percorsi&bacino=U&linea=54&Regol=OR","FF9900","0000FF","65"
"55U","U","55","via Moncalieri (Grugliasco) - corso Farini","CORSO FARINI -- VIA MONCALIERI (GRUGLIASCO)","3","http://www.gtt.to.it/cms/percorari/urbano?view=percorsi&bacino=U&linea=55&Regol=GE","FF9900","0000FF","66"
"56U","U","56","corso Tirreno (Grugliasco) - largo Tabacchi","LARGO TABACCHI -- CORSO TIRRENO (GRUGLIASCO)","3","http://www.gtt.to.it/cms/percorari/urbano?view=percorsi&bacino=U&linea=56&Regol=GE","FF9900","0000FF","67"
"58U","U","58","feriale, via Allason - via Bertola","VIA BERTOLA -- VIA ALLASON","3","http://www.gtt.to.it/cms/percorari/urbano?view=percorsi&bacino=U&linea=58&Regol=GE","FF9900","0000FF","69"
"58BU","U","58 /","via Grosso - via Bertola","VIA BERTOLA -- VIA GROSSO","3","http://www.gtt.to.it/cms/percorari/urbano?view=percorsi&bacino=U&linea=58B&Regol=GE","FF9900","0000FF","70"
"59U","U","59","piazza Oropa (Druento) - piazza Solferino","PIAZZA SOLFERINO -- PIAZZA OROPA (DRUENTO)","3","http://www.gtt.to.it/cms/percorari/urbano?view=percorsi&bacino=U&linea=59&Regol=OR","FF9900","0000FF","71"
"59BU","U","59 /","piazzale Vallette - piazza Solferino","PIAZZA SOLFERINO -- PIAZZALE VALLETTE","3","http://www.gtt.to.it/cms/percorari/urbano?view=percorsi&bacino=U&linea=59B&Regol=OR","FF9900","0000FF","72"
"5BU","U","5 /","lunedì-venerdì, via Bertani (cimitero Parco) - piazza Arbarello","PIAZZA ARBARELLO -- VIA BERTANI (CIMITERO)","3","http://www.gtt.to.it/cms/percorari/urbano?view=percorsi&bacino=U&linea=5B&Regol=OR","FF9900","0000FF","20"
"60U","U","60","via Paris - corso Inghilterra","CORSO INGHILTERRA -- VIA PARIS","3","http://www.gtt.to.it/cms/percorari/urbano?view=percorsi&bacino=U&linea=60&Regol=GE","FF9900","0000FF","73"
"61U","U","61","via Mezzaluna (San Mauro) - corso Vittorio Emanuele II","C. VITTORIO EMANUELE II -- V. MEZZALUNA (SAN MAURO)","3","http://www.gtt.to.it/cms/percorari/urbano?view=percorsi&bacino=U&linea=61&Regol=GE","FF9900","0000FF","74"
"62U","U","62","piazza Sofia - p.le Caio Mario","PIAZZALE CAIO MARIO -- PIAZZA SOFIA","3","http://www.gtt.to.it/cms/percorari/urbano?view=percorsi&bacino=U&linea=62&Regol=GE","FF9900","0000FF","75"
"63U","U","63","via Negarville - piazza Solferino","PIAZZA SOLFERINO -- VIA NEGARVILLE","3","http://www.gtt.to.it/cms/percorari/urbano?view=percorsi&bacino=U&linea=63&Regol=OR","FF9900","0000FF","76"
"63BU","U","63 /","p.le Caio Mario - stazione Lingotto","STAZIONE LINGOTTO -- PIAZZALE CAIO MARIO","3","http://www.gtt.to.it/cms/percorari/urbano?view=percorsi&bacino=U&linea=63B&Regol=OR","FF9900","0000FF","77"
"64U","U","64","via Napoli (Grugliasco) - corso Vittorio Emanuele II","C. VITTORIO EMANUELE II -- VIA NAPOLI (GRUGLIASCO)","3","http://www.gtt.to.it/cms/percorari/urbano?view=percorsi&bacino=U&linea=64&Regol=GE","FF9900","0000FF","78"
"65U","U","65","via Servais - corso Bolzano","CORSO BOLZANO -- VIA SERVAIS","3","http://www.gtt.to.it/cms/percorari/urbano?view=percorsi&bacino=U&linea=65&Regol=OR","FF9900","0000FF","79"
"66U","U","66","feriale, via Crea (Grugliasco) - corso Farini","CORSO FARINI -- VIA CREA (GRUGLIASCO)","3","http://www.gtt.to.it/cms/percorari/urbano?view=percorsi&bacino=U&linea=66&Regol=OR","FF9900","0000FF","80"
"67U","U","67","piazza Marconi (Moncalieri) - piazza Arbarello (feriale)/via Scialoja (festivo)","P. ARBARELLO FER./VIA SCIALOJA FEST. -- PIAZZA MARCONI (MONCALIERI)","3","http://www.gtt.to.it/cms/percorari/urbano?view=percorsi&bacino=U&linea=67&Regol=GE","FF9900","0000FF","81"
"68U","U","68","via Cafasso - via Frejus","VIA FREJUS -- VIA CAFASSO","3","http://www.gtt.to.it/cms/percorari/urbano?view=percorsi&bacino=U&linea=68&Regol=GE","FF9900","0000FF","82"
"69U","U","69","via Italia (Borgaro) - via Fossata","VIA FOSSATA -- VIA ITALIA (BORGARO)","3","http://www.gtt.to.it/cms/percorari/urbano?view=percorsi&bacino=U&linea=69&Regol=OR","FF9900","0000FF","83"
"70U","U","70","piazza Failla (Moncalieri) - corso San Maurizio","CORSO SAN MAURIZIO -- PIAZZA FAILLA (MONCALIERI)","3","http://www.gtt.to.it/cms/percorari/urbano?view=percorsi&bacino=U&linea=70&Regol=OR","FF9900","0000FF","84"
"71U","U","71","via Farinelli - via Servais","VIA SERVAIS -- VIA FARINELLI","3","http://www.gtt.to.it/cms/percorari/urbano?view=percorsi&bacino=U&linea=71&Regol=GE","FF9900","0000FF","85"
"72U","U","72","corso Machiavelli (Venaria Reale) - via Bertola","VIA BERTOLA -- CORSO MACHIAVELLI (VENARIA)","3","http://www.gtt.to.it/cms/percorari/urbano?view=percorsi&bacino=U&linea=72&Regol=GE","FF9900","0000FF","86"
"72BU","U","72 /","feriale, corso Machiavelli (Venaria Reale) - via Bertola","VIA BERTOLA -- CORSO MACHIAVELLI (VENARIA)","3","http://www.gtt.to.it/cms/percorari/urbano?view=percorsi&bacino=U&linea=72B&Regol=GE","FF9900","0000FF","87"
"73U","U","73","via Bonsignore - piazza Zara","PIAZZA ZARA -- VIA BONSIGNORE","3","http://www.gtt.to.it/cms/percorari/urbano?view=percorsi&bacino=U&linea=73&Regol=OR","FF9900","0000FF","88"
"74U","U","74","via Gorini - via Ventimiglia","VIA VENTIMIGLIA -- VIA GORINI","3","http://www.gtt.to.it/cms/percorari/urbano?view=percorsi&bacino=U&linea=74&Regol=GE","FF9900","0000FF","89"
"75U","U","75","piazzale Vallette - largo Tabacchi","LARGO TABACCHI -- PIAZZALE VALLETTE","3","http://www.gtt.to.it/cms/percorari/urbano?view=percorsi&bacino=U&linea=75&Regol=GE","FF9900","0000FF","90"
"76U","U","76","via Olevano (Grugliasco) - viale Partigiani (Collegno)","VIALE PARTIGIANI (COLLEGNO) -- VIA OLEVANO (GRUGLIASCO)","3","http://www.gtt.to.it/cms/percorari/urbano?view=percorsi&bacino=U&linea=76&Regol=OR","FF9900","0000FF","91"
"77U","U","77","feriale, via Sandre (Venaria Reale) - corso Cadore","CORSO CADORE -- VIA SANDRE (VENARIA)","3","http://www.gtt.to.it/cms/percorari/urbano?view=percorsi&bacino=U&linea=77&Regol=OR","FF9900","0000FF","92"
"78U","U","78","feriale, largo Casale - strada Alta di Mongreno","STRADA ALTA DI MONGRENO -- LARGO CASALE","3","http://www.gtt.to.it/cms/percorari/urbano?view=percorsi&bacino=U&linea=78&Regol=OR","FF9900","0000FF","93"
"79BU","U","79 /","feriale, piazza Modena - Superga - via Cordova (Baldissero T.se)","BALDISSERO - SUPERGA -- SASSI","3","http://www.gtt.to.it/cms/percorari/urbano?view=percorsi&bacino=U&linea=79B&Regol=OR","FF9900","0000FF","94"
"8U","U","8","via Mezzaluna (San Mauro) - corso Bolzano","CORSO BOLZANO -- VIA MEZZALUNA (SAN MAURO)","3","http://www.gtt.to.it/cms/percorari/urbano?view=percorsi&bacino=U&linea=8&Regol=OR","FF9900","0000FF","295"
"80U","U","80","feriale, piazza Caduti per la Libertà (Moncalieri) - strada Moncalvo","STRADA MONCALVO -- P.BADEN BADEN(MONCALIERI)","3","http://www.gtt.to.it/cms/percorari/urbano?view=percorsi&bacino=U&linea=80&Regol=OR","FF9900","0000FF","95"
"81U","U","81","feriale, via delle Primule (Moncalieri) - corso Maroncelli","CORSO MARONCELLI -- VIA DELLE PRIMULE (MONCALIERI)","3","http://www.gtt.to.it/cms/percorari/urbano?view=percorsi&bacino=U&linea=81&Regol=OR","FF9900","0000FF","96"
"82U","U","82","piazza Caduti per la Libertà (Moncalieri) - strada Carpice (Moncalieri)","STRADA CARPICE (MONCALIERI) -- P. CADUTI PER LA LIBERTÀ (MONCALIERI)","3","http://www.gtt.to.it/cms/percorari/urbano?view=percorsi&bacino=U&linea=82&Regol=OR","FF9900","0000FF","97"
"83U","U","83","via Goito - Movicentro (Trofarello) - str. Bauducchi (Moncalieri) - Villastellone","VIA GOITO - STRADA BAUDUCCHI -- TROFARELLO - VILLASTELLONE","3","http://www.gtt.to.it/cms/percorari/urbano?view=percorsi&bacino=U&linea=83&Regol=OR","FF9900","0000FF","98"
"84U","U","84","feriale, via Corradino - strada Carpice (Moncalieri)","STRADA CARPICE (MONCALIERI) -- VIA CORRADINO","3","http://www.gtt.to.it/cms/percorari/urbano?view=percorsi&bacino=U&linea=84&Regol=OR","FF9900","0000FF","99"
"86BU","U","86 /","scolastico, via Di Vittorio (Venaria) - Via Claviere (Pianezza)","VIA DI VITTORIO (VENARIA) -- VIA CLAVIERE (PIANEZZA)","3","http://www.gtt.to.it/cms/percorari/urbano?view=percorsi&bacino=U&linea=86B&Regol=OR","FF9900","0000FF","322"
"88U","U","88","scolastico, piazza Cattaneo - via Crea (Grugliasco)","VIA CREA (GRUGLIASCO) -- PIAZZA CATTANEO","3","http://www.gtt.to.it/cms/percorari/urbano?view=percorsi&bacino=U&linea=88&Regol=OR","FF9900","0000FF","285"
"89U","U","89","scolastico, via Moriondo (Rivalta) - via Crea (Grugliasco)","VIA CREA (GRUGLIASCO) -- VIA MORIONDO (RIVALTA)","3","http://www.gtt.to.it/cms/percorari/urbano?view=percorsi&bacino=U&linea=89&Regol=OR","FF9900","0000FF","286"
"89BU","U","89 /","scolastico, via Portalupi (Collegno) - via Crea (Grugliasco)","VIA CREA (GRUGLIASCO) -- VIA PORTALUPI (COLLEGNO)","3","http://www.gtt.to.it/cms/percorari/urbano?view=percorsi&bacino=U&linea=89B&Regol=OR","FF9900","0000FF","287"
"90U","U","90","speciale stabilimenti, via delle Querce - via Biscaretti","OSPEDALE SAN LUIGI -- STRADA VOLVERA (ORBASSANO)","3","http://www.gtt.to.it/cms/percorari/urbano?view=percorsi&bacino=U&linea=90&Regol=OR","FF9900","0000FF","100"
"91U","U","91","speciale stabilimenti, via della Cella - piazzale Caio Mario","PIAZZALE CAIO MARIO -- VIA DELLA CELLA","3","http://www.gtt.to.it/cms/percorari/urbano?view=percorsi&bacino=U&linea=91&Regol=OR","FF9900","0000FF","101"
"92U","U","92","speciale stabilimenti, largo Donatori di Sangue - piazzale Caio Mario","PIAZZALE CAIO MARIO -- LARGO DONATORI DI SANGUE","3","http://www.gtt.to.it/cms/percorari/urbano?view=percorsi&bacino=U&linea=92&Regol=OR","FF9900","0000FF","102"
"93BU","U","93 /","speciale stabilimenti, piazza Mochino (San Mauro) - corso Tazzoli","CORSO TAZZOLI -- PIAZZA MOCHINO (SAN MAURO)","3","http://www.gtt.to.it/cms/percorari/urbano?view=percorsi&bacino=U&linea=93B&Regol=OR","FF9900","0000FF","103"
"94U","U","94","speciale stabilimenti, piazza Statuto - via Biscaretti","VIA BISCARETTI -- PIAZZA STATUTO","3","http://www.gtt.to.it/cms/percorari/urbano?view=percorsi&bacino=U&linea=94&Regol=OR","FF9900","0000FF","104"
"95U","U","95","speciale stabilimenti, stazione Lingotto - corso Tazzoli - via Rivalta (Grugliasco)","CORSO TAZZOLI / VIA RIVALTA (GRUGLIASCO) -- STAZIONE LINGOTTO","3","http://www.gtt.to.it/cms/percorari/urbano?view=percorsi&bacino=U&linea=95&Regol=OR","FF9900","0000FF","105"
"95BU","U","95 /","speciale stabilimenti, stazione Lingotto - via Anselmetti - via Biscaretti - via Faccioli","VIA ANSELMETTI / VIA BISCARETTI / VIA FACCIOLI -- STAZIONE LINGOTTO","3","http://www.gtt.to.it/cms/percorari/urbano?view=percorsi&bacino=U&linea=95B&Regol=OR","FF9900","0000FF","106"
"96U","U","96","speciale stabilimenti, via Amendola (Nichelino) - corso Tazzoli","CORSO TAZZOLI -- VIA AMENDOLA (NICHELINO)","3","http://www.gtt.to.it/cms/percorari/urbano?view=percorsi&bacino=U&linea=96&Regol=OR","FF9900","0000FF","107"
"97U","U","97","speciale stabilimenti, piazza Martiri della Libertà (Rivoli) - via Biscaretti","VIA BISCARETTI -- PIAZZA MARTIRI DELLA LIBERTA'  (RIVOLI)","3","http://www.gtt.to.it/cms/percorari/urbano?view=percorsi&bacino=U&linea=97&Regol=OR","FF9900","0000FF","108"
"98U","U","98","speciale stabilimenti, via Portalupi (Collegno) - via Biscaretti","VIA BISCARETTI -- VIA PORTALUPI (COLLEGNO)","3","http://www.gtt.to.it/cms/percorari/urbano?view=percorsi&bacino=U&linea=98&Regol=OR","FF9900","0000FF","109"
"99U","U","99","speciale stabilimenti, piazza Carducci (Santena) - via Plava","VIA PLAVA -- PIAZZA CARDUCCI (SANTENA)","3","http://www.gtt.to.it/cms/percorari/urbano?view=percorsi&bacino=U&linea=99&Regol=OR","FF9900","0000FF","110"
"CP1U","U","CP1","via De Amicis (Fermi M1 - Collegno) - via Musinè (Pianezza)","VIA DE AMICIS (COLLEGNO) -- VIA MUSINÈ (PIANEZZA)","3","http://www.gtt.to.it/cms/percorari/urbano?view=percorsi&bacino=U&linea=CP1&Regol=OR","FF9900","0000FF","113"
"E68U","U","E68","notturna, piazza Vittorio Veneto - via Cafasso","PIAZZA VITTORIO VENETO -- VIA CAFASSO (INV) / GASSINO (EST)","3","http://www.gtt.to.it/cms/percorari/urbano?view=percorsi&bacino=U&linea=E68&Regol=OR","FF9900","0000FF","136"
"LS1U","U","LS1","Leini - Settimo Torinese","LEINI -- SETTIMO TORINESE","3","http://www.gtt.to.it/cms/percorari/urbano?view=percorsi&bacino=U&linea=LS1&Regol=OR","FF9900","0000FF","346"
"M1SU","U","M1S","bus sostitutivo metropolitana, stazione Fermi (Collegno) - stazione Bengasi","STAZIONE FERMI M1 -- STAZIONE BENGASI M1","3","http://www.gtt.to.it/cms/percorari/urbano?view=percorsi&bacino=U&linea=M1S&Regol=OR","FF9900","0000FF","318"
"MEORU","U","MEOR","Linea mercato Orbassano","LINEA MERCATO ORBASSANO -- LINEA MERCATO ORBASSANO","3","http://www.gtt.to.it/cms/percorari/urbano?view=percorsi&bacino=U&linea=MEOR&Regol=OR","FF9900","0000FF","999"
"N04U","U","N04","notturna, piazza Vittorio Veneto - via delle Querce","PIAZZA VITTORIO VENETO -- VIA DELLE QUERCE (INV) / VOLPIANO (EST)","3","http://www.gtt.to.it/cms/percorari/urbano?view=percorsi&bacino=U&linea=N04&Regol=OR","FF9900","0000FF","123"
"N08U","U","N08","notturna, piazza Vittorio Veneto - Piazza Sofia","PIAZZA VITTORIO VENETO -- PIAZZA SOFIA (INV) / SETTIMO T.SE (EST)","3","http://www.gtt.to.it/cms/percorari/urbano?view=percorsi&bacino=U&linea=N08&Regol=OR","FF9900","0000FF","333"
"N10U","U","N10","notturna, piazza Vittorio Veneto - via Massari","PIAZZA VITTORIO VENETO -- VIA MASSARI (INV) / CASELLE (EST)","3","http://www.gtt.to.it/cms/percorari/urbano?view=percorsi&bacino=U&linea=N10&Regol=OR","FF9900","0000FF","127"
"OB1U","U","OB1","feriale, Ospedale San Luigi (Orbassano) - Via Volturno (Orbassano)","VIA VOLTURNO (ORBASSANO) -- OSPEDALE SAN LUIGI (ORBASSANO)","3","http://www.gtt.to.it/cms/percorari/urbano?view=percorsi&bacino=U&linea=OB1&Regol=OR","FF9900","0000FF","120"
"RV2U","U","RV2","feriale, Via Vicuna (Rivalta) - via Griva (Rivalta)","VIA GRIVA (RIVALTA) -- LAURA VICUNA (TETTI FRANCESI)","3","http://www.gtt.to.it/cms/percorari/urbano?view=percorsi&bacino=U&linea=RV2&Regol=OR","FF9900","0000FF","121"
"S04U","U","S04","notturna, piazza Vittorio Veneto - p.le Caio Mario","PIAZZA VITTORIO VENETO -- P.LE CAIO MARIO","3","http://www.gtt.to.it/cms/percorari/urbano?view=percorsi&bacino=U&linea=S04&Regol=OR","FF9900","0000FF","124"
"S05U","U","S05","notturna, piazza Vittorio Veneto - piazza Cattaneo","PIAZZA VITTORIO VENETO -- PIAZZA CATTANEO (INV) / ORBASSANO (EST)","3","http://www.gtt.to.it/cms/percorari/urbano?view=percorsi&bacino=U&linea=S05&Regol=OR","FF9900","0000FF","125"
"S18U","U","18 BLU","notturna, piazza Vittorio Veneto - via Artom","PIAZZA VITTORIO VENETO -- VIA ARTOM (INV) / CANDIOLO (EST)","3","http://www.gtt.to.it/cms/percorari/urbano?view=percorsi&bacino=U&linea=S18&Regol=OR","FF9900","0000FF","130"
"SE1U","U","SE1","corso Vercelli (Park Stura) - via Lombardia (Settimo Torinese)","VIA LOMBARDIA (SETTIMO T.SE) -- CORSO VERCELLI (PARK STURA)","3","http://www.gtt.to.it/cms/percorari/urbano?view=percorsi&bacino=U&linea=SE1&Regol=OR","FF9900","0000FF","114"
"SE2U","U","SE2","feriale, corso Vercelli (Park Stura) - via Lombardia (Settimo Torinese)","VIA LOMBARDIA (SETTIMO T.SE) -- CORSO VERCELLI (PARK STURA)","3","http://www.gtt.to.it/cms/percorari/urbano?view=percorsi&bacino=U&linea=SE2&Regol=OR","FF9900","0000FF","115"
"ST1U","U","STAR 1","via Bixio - corso Farini","VIA BIXIO -- CORSO FARINI","3","http://www.gtt.to.it/cms/percorari/urbano?view=percorsi&bacino=U&linea=ST1&Regol=OR","FF9900","0000FF","15"
"ST2U","U","STAR 2","corso D'Azeglio - corso Bolzano","CORSO BOLZANO -- CORSO D AZEGLIO","3","http://www.gtt.to.it/cms/percorari/urbano?view=percorsi&bacino=U&linea=ST2&Regol=OR","FF9900","0000FF","16"
"VE1U","U","VE1","viale Giordano Bruno (Venaria Reale) - via Monte Ortigara","VIA MONTE ORTIGARA -- V.LE BRUNO (VENARIA)","3","http://www.gtt.to.it/cms/percorari/urbano?view=percorsi&bacino=U&linea=VE1&Regol=OR","FF9900","0000FF","116"
"VE2U","U","VE2","Ospedale nuovo (Venaria Reale) - via Iseppon (Venaria Reale)","VIA ISEPPON -- OSPEDALE VENARIA","3","http://www.gtt.to.it/cms/percorari/urbano?view=percorsi&bacino=U&linea=VE2&Regol=OR","FF9900","0000FF","291"
"VEXU","T","VEX","Venaria Express (Lunedì - Venerdì), Torino - Reggia di Venaria","REGGIA DI VENARIA -- TORINO FIOCCHETTO","3","http://www.gtt.to.it/cms/percorari/urbano?view=percorsi&bacino=U&linea=VEX&Regol=OR","33CC00","000000","352"
"W01U","U","W01","notturna, piazza Vittorio Veneto - piazza Massaua","PIAZZA VITTORIO VENETO -- PIAZZA MASSAUA (INV) / ALPIGNANO (EST)","3","http://www.gtt.to.it/cms/percorari/urbano?view=percorsi&bacino=U&linea=W01&Regol=OR","FF9900","0000FF","122"
"W15U","U","W15","notturna, piazza Vittorio Veneto - via Brissogne","PIAZZA VITTORIO VENETO -- VIA BRISSOGNE (INV) / COLLEGNO (EST)","3","http://www.gtt.to.it/cms/percorari/urbano?view=percorsi&bacino=U&linea=W15&Regol=OR","FF9900","0000FF","128"
"W60U","U","W60","notturna, piazza Vittorio Veneto - piazza Manno","PIAZZA VITTORIO VENETO -- PIAZZA MANNO (INV) / PIANEZZA (EST)","3","http://www.gtt.to.it/cms/percorari/urbano?view=percorsi&bacino=U&linea=W60&Regol=OR","FF9900","0000FF","135"
